organ	mean_mass_grams
adrenal	1.0369041666666667
brain	72.93625
heart	55.06875
kidneys	36.9925
liver	225.91854166666667
lungs	96.41729166666667
spleen	57.16354166666667
testes	6.26
thymus	11.266270833333333
