hours	estimated_proportion_dose_in_blood
0	7.1894357638888895e-6
0.5	0.02597007277734375
4	0.019741265455439815
8	0.007052061808738426
12	0.001312186277633102
24	7.109181597222222e-5
48	8.585523871527779e-6
72	7.791342013888888e-6
