organ	mean_mass_grams
terminal	280.7606837606838
adrenal	0.05746916666666667
brain	1.9885716666666666
epididymis	0.8297716666666667
heart	1.1579258333333333
kidneys	2.021646666666667
liver	8.4455825
spleen	0.5618208333333333
testes	3.241415
thymus	0.5602533333333334
ovaries	0.092245
