dose_mg	color	nominal_timepoint	n	mean
0	#fbb4b9	1	20	0.001
0	#fbb4b9	28	10	0.001
0.3	#f768a1	1	20	0.066525
0.3	#f768a1	28	10	0.00205
1	#c51b8a	1	20	0.296715
1	#c51b8a	28	10	0.00618
3	#7a0177	1	20	1.8909850000000001
3	#7a0177	28	10	0.008919999999999999
