qc	expected	n	min	mean	max	median	q25	q75
MoPosHi	1	16	0.9999999999999998	1	1	1	0.9999999999999999	1
MoPosMid	0.5	16	0.3745291756715035	0.5864777260409568	0.762649900568467	0.5764851764472139	0.5273060652683612	0.6287256555300582
MoPosLo	0.1	16	0.11512267505820349	0.16445191996915595	0.2068779721454539	0.16267701448841473	0.1481631711746435	0.17950527202057692
MoNeg	0	16	0.01960161915455687	0.06465534524323675	0.10233581497684652	0.06371917282048442	0.054052342981721485	0.07368833867825475
