x	tx	display_tx	color	n	mean	l95	u95	max
1	saline	PBS	#A9A9A9	11	1	0.9499860989755353	1.0500139010244647	1.1124475055474488
2	NTC	NTC-s1	#666666	4	1.111610476098159	1.0617631546976014	1.1614577974987168	1.1640446730083547
3	ntc-exNA	NTC-s4	#734A12	5	1.006454581784274	0.9584961834121255	1.0544129801564226	1.0700921564115915
4	1035-hiPS	1035-s1	#15A5CD	5	0.8184371782545251	0.7322833220602485	0.9045910344488017	0.9530660951986734
5	1035-exNA	1035-s4	#82D9F1	5	0.6409350627575602	0.5449446581424975	0.7369254673726229	0.8347659330324045
6	1682-exNA	1682-s4	#FF0066	6	0.49378156145173596	0.43332818041091126	0.5542349424925607	0.583637090230936
