meta_tissue	mass_grams	dose_mg	nominal_timepoint	n_regions	median_conc	mean_conc	min_conc	max_conc	proportion_dose_retained
Brain	2.0146749999999995	0.3	3	7	1.8753833333333332	2.6963214285714288	0.17766666666666667	8.794225	0.01259429305694444
Brain	2.0146749999999995	1	3	7	4.493108333333333	7.259977380952381	2.0868583333333333	24.656025	0.00905215303145833
Brain	2.0146749999999995	3	3	7	12.381625	25.80015357142857	4.649241666666667	92.7449	0.008314983448958332
Kidney	2.2448	0.3	3	1	4.72605	4.72605	4.72605	4.72605	0.0353634568
Kidney	2.2448	1	3	1	18.79195	18.79195	18.79195	18.79195	0.04218416936
Kidney	2.2448	3	3	1	86.53618333333333	86.53618333333333	86.53618333333333	86.53618333333333	0.0647521414488889
Liver	9.12495	0.3	3	1	9.584041666666666	9.584041666666666	9.584041666666666	9.584041666666666	0.29151300335416663
Liver	9.12495	1	3	1	25.644566666666666	25.644566666666666	25.644566666666666	25.644566666666666	0.234005388605
Liver	9.12495	3	3	1	74.64985	74.64985	74.64985	74.64985	0.2270587162525
