cohort	intervention_dpi	tx	n	mean_dpi	sd_dpi	median_dpi
YB-saline-75	75	saline	7	183.42857142857142	45.42340491735196	165
YB-NTC-75	75	NTC	8	176	42.57094918234399	165
YB-1682-75	75	1682	6	407.8333333333333	67.44306240575577	442
YB-saline-126	126	saline	8	164.625	4.0686080455816125	163.5
YB-none-126	126	none	11	171.0909090909091	26.496998114709317	165
YB-NTC-126	126	NTC	9	190.88888888888889	48.57068160023196	167
YB-1682-126	126	1682	8	274	47.17141991866322	269.5
