qc	expected	n	min	mean	max	median	q25	q75
MoPosHi	1	18	0.9999999999999998	1	1	1	0.9999999999999999	1
MoPosMid	0.5	18	0.3745291756715035	0.588500530894112	0.762649900568467	0.5891838822766725	0.5355996017070473	0.619288153723112
MoPosLo	0.1	18	0.11512267505820349	0.16783018387782087	0.2068779721454539	0.16765482145738703	0.14929550468686376	0.19020694509314895
MoNeg	0	18	0.01960161915455687	0.06736808622375544	0.10868889119263067	0.0647648398066566	0.05627118751725785	0.07389743999511729
