meta_tissue	nominal_timepoint	n_animals	n_regions	mean_proportion_dose_retained
Brain	1	24	8	0.0110287406028125
Kidney	1	24	1	0.00855195918798611
Liver	1	24	1	0.4197726889095833
Brain	28	12	8	0.009529559756736111
Kidney	28	12	1	0.002569376201666667
Liver	28	12	1	0.1452887998252778
