dose_mg	color	nominal_timepoint	n	mean
0	#fbb4b9	1	7	0.001
0	#fbb4b9	28	4	0.001
20	#f768a1	1	8	0.7387875
20	#f768a1	28	4	0.002175
60	#c51b8a	1	8	16.1040875
60	#c51b8a	28	4	0.00415
200	#7a0177	1	8	72.395975
200	#7a0177	28	4	0.01515
