meta_tissue	nominal_timepoint	n_animals	n_regions	mean_proportion_dose_retained
Brain	3	36	7	0.016470521591092593
Kidney	3	36	1	0.042717963122765434
Liver	3	36	1	0.2321821692178426
